example_id,dataset,task,seed,condition,prediction,target,correct,confidence,uncertainty,novelty,conflict,stability,entropy,meta_score,entropy_target,temperature,attention_entropy_native,attention_entropy_mod,attention_js,attention_modulation,generated_tokens,latency,peak_vram
1062330403411810260,gsm8k,main,42,Fixed-T-0.1," To determine how much money Janet makes every day at the farmers' market, we need to follow these",18,0,0.9987524151802064,0.050000000745058,0.0,0.038817748427391,0.050000000745058,0.0276330318301916,0.0,0.0,0.1000000014901161,0.0,0.0,0.0,0.0,20,1.2646057000019937,978.11865234375
-5432960557829926451,gsm8k,main,42,Fixed-T-0.1, Let's denote the number of bolts of blue fiber as \( B \) and the number of bolts,3,0,0.9888132214546204,0.050000000745058,0.0,0.0551554448902606,0.050000000745058,0.0403068624436855,0.0,0.0,0.1000000014901161,0.0,0.0,0.0,0.0,20,0.7653241999942111,978.11865234375
2259796429916953731,gsm8k,main,42,Fixed-T-0.1," To determine the profit that Jack made, we need to follow these steps:

1. **Calculate the",70000,0,0.9687105417251588,0.050000000745058,0.0,0.0647747069597244,0.050000000745058,0.0554580204188823,0.0,0.0,0.1000000014901161,0.0,0.0,0.0,0.0,20,0.7017032000003383,978.11865234375
8577048074569350592,gsm8k,main,42,Fixed-T-0.1," To determine the total number of meters James runs in a week, we need to follow these steps:

",540,0,0.9887601137161256,0.050000000745058,0.0,0.0284170173108577,0.050000000745058,0.0217652674764394,0.0,0.0,0.1000000014901161,0.0,0.0,0.0,0.0,20,0.6680185000004712,978.11865234375
-7729727625131075979,gsm8k,main,42,Fixed-T-0.1, To determine how many cups of feed Wendi needs to give her chickens in the final meal of the,20,0,0.9888294339179992,0.050000000745058,0.0,0.0227727871388196,0.050000000745058,0.0182710196822881,0.0,0.0,0.1000000014901161,0.0,0.0,0.0,0.0,20,0.6562867000029655,993.9541015625
1062330403411810260,gsm8k,main,42,Fixed-T-0.3," To determine how much money Janet makes every day at the farmers' market, we need to follow these",18,0,0.9805284738540648,0.050000000745058,0.0,0.025575902312994,0.050000000745058,0.0276330318301916,0.0,0.0,0.3000000417232513,0.0,0.0,0.0,0.0,20,0.6731613000010839,993.9541015625
-5432960557829926451,gsm8k,main,42,Fixed-T-0.3," To determine the total number of bolts of blue and white fiber needed, we start by defining the variables",3,0,0.9109570384025574,0.050000000745058,0.0,0.0455885194242,0.050000000745058,0.0566784031689167,0.0,0.0,0.3000000417232513,0.0,0.0,0.0,0.0,20,0.6735859999971581,993.9541015625
2259796429916953731,gsm8k,main,42,Fixed-T-0.3," To determine the profit that Jack made, we need to follow these steps:

1. **Calculate the",70000,0,0.9292455911636353,0.050000000745058,0.0,0.0414344295859336,0.050000000745058,0.0554580204188823,0.0,0.0,0.3000000417232513,0.0,0.0,0.0,0.0,20,0.6707049999968149,993.9541015625
8577048074569350592,gsm8k,main,42,Fixed-T-0.3," He runs 3*60=180 meters a week
He runs 3*",540,0,0.954294502735138,0.050000000745058,0.0,0.0352495051920414,0.050000000745058,0.0422923378646373,0.0,0.0,0.3000000417232513,0.0,0.0,0.0,0.0,20,0.6842859000025783,993.9541015625
-7729727625131075979,gsm8k,main,42,Fixed-T-0.3," To determine how many cups of feed Wendi needs for the final meal of the day, we need",20,0,0.9701112508773804,0.050000000745058,0.0,0.0264886412769556,0.050000000745058,0.0268453005701303,0.0,0.0,0.3000000417232513,0.0,0.0,0.0,0.0,20,0.6949619000006351,993.9541015625
1062330403411810260,gsm8k,main,42,Fixed-T-0.5," To determine how much money Janet makes every day at the farmers' market, we need to calculate the",18,0,0.9543414115905762,0.050000000745058,0.0,0.0146953761577606,0.050000000745058,0.0299279540777206,0.0,0.0,0.5,0.0,0.0,0.0,0.0,20,0.6775287999989814,993.9541015625
-5432960557829926451,gsm8k,main,42,Fixed-T-0.5," To determine the total number of bolts needed for the robe, we need to calculate the amount of blue",3,0,0.9004335403442383,0.050000000745058,0.0,0.0175995230674743,0.050000000745058,0.0437442064285278,0.0,0.0,0.5,0.0,0.0,0.0,0.0,20,0.6848001999969711,993.9541015625
2259796429916953731,gsm8k,main,42,Fixed-T-0.5," To determine the profit that Josh made from flipping his house, we need to follow these steps:

1",70000,0,0.8854378461837769,0.050000000745058,0.0,0.0283183790743351,0.050000000745058,0.0568161606788635,0.0,0.0,0.5,0.0,0.0,0.0,0.0,20,0.702592999994522,993.9541015625
8577048074569350592,gsm8k,main,42,Fixed-T-0.5," To determine the total distance James runs in a week, we need to follow these steps:

1.",540,0,0.961464524269104,0.050000000745058,0.0,0.0101382555440068,0.050000000745058,0.0202664174139499,0.0,0.0,0.5,0.0,0.0,0.0,0.0,20,0.6903800000000047,993.9541015625
-7729727625131075979,gsm8k,main,42,Fixed-T-0.5," To determine how many cups of feed Wendi needs for the final meal of the day, we can",20,0,0.944688320159912,0.050000000745058,0.0,0.0122539568692445,0.050000000745058,0.0268453005701303,0.0,0.0,0.5,0.0,0.0,0.0,0.0,20,0.6853250999993179,993.9541015625
1062330403411810260,gsm8k,main,42,Fixed-T-0.7," To determine how much money Janet makes every day at the farmers' market, we need to follow these",18,0,0.9348886609077454,0.050000000745058,0.0,0.0059031969867646,0.050000000745058,0.0276330318301916,0.0,0.0,0.6999999284744263,0.0,0.0,0.0,0.0,20,0.6968941000013729,993.9541015625
-5432960557829926451,gsm8k,main,42,Fixed-T-0.7," To determine the total number of bolts needed, we start by identifying the amount of each type of fiber",3,0,0.8615134954452515,0.050000000745058,0.0,0.0080451471731066,0.050000000745058,0.0427977107465267,0.0,0.0,0.6999999284744263,0.0,0.0,0.0,0.0,20,0.6898050000017975,993.9541015625
2259796429916953731,gsm8k,main,42,Fixed-T-0.7," To determine the profit made by Josh, we need to follow these steps:

1. **Initial Cost",70000,0,0.8907756805419922,0.050000000745058,0.0,0.012745002284646,0.050000000745058,0.0547449104487896,0.0,0.0,0.6999999284744263,0.0,0.0,0.0,0.0,20,0.6881749000021955,993.9541015625
8577048074569350592,gsm8k,main,42,Fixed-T-0.7," To determine the total number of meters James runs in a week, we need to follow these steps:

",540,0,0.9362037777900696,0.050000000745058,0.0,0.0040890304371714,0.050000000745058,0.0217652674764394,0.0,0.0,0.6999999284744263,0.0,0.0,0.0,0.0,20,0.6915937999947346,993.9541015625
-7729727625131075979,gsm8k,main,42,Fixed-T-0.7, To determine how many cups of feed Wendi needs to give her chickens in the final meal of the,20,0,0.9460304379463196,0.050000000745058,0.0,0.0033780257217586,0.050000000745058,0.0182710196822881,0.0,0.0,0.6999999284744263,0.0,0.0,0.0,0.0,20,0.6924863000022015,993.9541015625
1062330403411810260,gsm8k,main,42,Fixed-T-0.9, Janet’s earnings from selling the eggs per day are $2 * 16 = $32,18,0,0.7381798028945923,0.050000000745058,0.0,0.0026234413962811,0.050000000745058,0.0863764733076095,0.0,0.0,0.8999999165534973,0.0,0.0,0.0,0.0,20,0.6886744000003091,993.9541015625
-5432960557829926451,gsm8k,main,42,Fixed-T-0.9," To determine the total number of bolts in a robe, we need to follow these steps:

1.",3,0,0.8905285000801086,0.050000000745058,0.0,0.0012883099261671,0.050000000745058,0.034578800201416,0.0,0.0,0.8999999165534973,0.0,0.0,0.0,0.0,20,0.6900077999962377,993.9541015625
2259796429916953731,gsm8k,main,42,Fixed-T-0.9," Let's break down the problem step by step.

1. First, the house was bought for $",70000,0,0.8115345239639282,0.050000000745058,0.0,0.0014423492830246,0.050000000745058,0.0580176934599876,0.0,0.0,0.8999999165534973,0.0,0.0,0.0,0.0,20,0.7002441000004183,993.9541015625
8577048074569350592,gsm8k,main,42,Fixed-T-0.9," To determine the total number of meters James runs in a week, we need to follow these steps:

",540,0,0.9178286790847778,0.050000000745058,0.0,0.0008661954780109,0.050000000745058,0.0217652674764394,0.0,0.0,0.8999999165534973,0.0,0.0,0.0,0.0,20,0.6771969999972498,993.9541015625
-7729727625131075979,gsm8k,main,42,Fixed-T-0.9, To determine the total amount of mixed chicken feed that Wendi needs to give her chickens in the final,20,0,0.942146897315979,0.050000000745058,0.0,0.0007562228711321,0.050000000745058,0.0224716924130916,0.0,0.0,0.8999999165534973,0.0,0.0,0.0,0.0,20,0.6746837000027881,993.9541015625
1062330403411810260,gsm8k,main,42,Fixed-T-1.0," To determine how much Janet makes at the farmers' market every day, we need to break down the",18,0,0.863330066204071,0.050000000745058,0.0,7.302948506549001e-05,0.050000000745058,0.0330298617482185,0.0,0.0,1.0,0.0,0.0,0.0,0.0,20,0.6856018000034965,993.9541015625
-5432960557829926451,gsm8k,main,42,Fixed-T-1.0," Let's break down the problem step by step:

1. A robe requires:
   - 2",3,0,0.8028739094734192,0.050000000745058,0.0,0.0005395884509198,0.050000000745058,0.0548347234725952,0.0,0.0,1.0,0.0,0.0,0.0,0.0,20,0.6700851999994484,993.9541015625
2259796429916953731,gsm8k,main,42,Fixed-T-1.0," To determine the profit Charlie made, we need to follow these steps:

1. **Calculate the total",70000,0,0.8443679809570312,0.050000000745058,0.0,0.0002492067869752,0.050000000745058,0.042003184556961,0.0,0.0,1.0,0.0,0.0,0.0,0.0,20,0.6718357999998261,993.9541015625
8577048074569350592,gsm8k,main,42,Fixed-T-1.0," To determine the total distance James runs in a week, we need to follow these steps:

1.",540,0,0.9167211651802064,0.050000000745058,0.0,0.0002008925366681,0.050000000745058,0.0202664174139499,0.0,0.0,1.0,0.0,0.0,0.0,0.0,20,0.6782597999990685,993.9541015625
-7729727625131075979,gsm8k,main,42,Fixed-T-1.0," To determine how many cups of feed Wendi needs for the final meal of the day, we need",20,0,0.8831669092178345,0.050000000745058,0.0,6.061599560780451e-05,0.050000000745058,0.0268453005701303,0.0,0.0,1.0,0.0,0.0,0.0,0.0,20,0.6742677999936859,993.9541015625
1062330403411810260,gsm8k,main,42,Native," First, we determine the total number of eggs the ducks lay in a day. Janet has 1",18,0,0.7793945074081421,0.050000000745058,0.0,0.0003565968072507,0.050000000745058,0.0538733974099159,0.0,0.0,1.0,0.0,0.0,0.0,0.0,20,0.6710347999978694,993.9541015625
-5432960557829926451,gsm8k,main,42,Native," To find the total number of bolts needed, we need to calculate the amount of blue and white fiber",3,0,0.78125,0.050000000745058,0.0,0.0004782775067724,0.050000000745058,0.0582662895321846,0.0,0.0,1.0,0.0,0.0,0.0,0.0,20,0.6844731000019237,993.9541015625
2259796429916953731,gsm8k,main,42,Native," Let's start by defining the initial cost of the house, the repairs, and the increase in its",70000,0,0.70751953125,0.050000000745058,0.0,0.001448369002901,0.050000000745058,0.0771566405892372,0.0,0.0,1.0,0.0,0.0,0.0,0.0,20,0.6783077000000048,993.9541015625
8577048074569350592,gsm8k,main,42,Native," To find out how many total meters James runs in a week, we need to follow these steps:

",540,0,0.8916991949081421,0.050000000745058,0.0,0.0009272910538129,0.050000000745058,0.0316884703934192,0.0,0.0,1.0,0.0,0.0,0.0,0.0,20,0.6672772000019904,993.9541015625
-7729727625131075979,gsm8k,main,42,Native," To determine how many cups of feed Wendi needs for the final meal of the day, we need",20,0,0.8833984136581421,0.050000000745058,0.0,-2.78912489193317e-06,0.050000000745058,0.0268453005701303,0.0,0.0,1.0,0.0,0.0,0.0,0.0,20,0.6736516000019037,993.9541015625
1062330403411810260,gsm8k,main,42,MCTR-T," Let's calculate the total number of eggs laid by the ducks each day first:

She lays 1",18,0,0.7181106805801392,0.050000000745058,0.0,0.0094546610489487,0.050000000745058,0.0924263000488281,0.4593256413936615,0.0,0.7786165475845337,0.0,0.0,0.0,0.0,20,0.7074093999981415,993.9541015625
-5432960557829926451,gsm8k,main,42,MCTR-T," To determine the total number of bolts needed for the robe, we need to calculate the amount of blue",3,0,0.859309196472168,0.050000000745058,0.0,0.0043724505230784,0.050000000745058,0.0437442064285278,0.4614264965057373,0.0,0.7782723903656006,0.0,0.0,0.0,0.0,20,0.6939775999999256,993.9541015625
2259796429916953731,gsm8k,main,42,MCTR-T," Round your answer to the nearest dollar. To determine the profit made by Jack, we need to follow",70000,0,0.8453019857406616,0.050000000745058,0.0,0.008345752954483,0.050000000745058,0.0652485713362693,0.4609483182430267,0.0,0.7783805727958679,0.0,0.0,0.0,0.0,20,0.7034523999973317,993.9541015625
8577048074569350592,gsm8k,main,42,MCTR-T," To determine how many total meters James runs in a week, we need to follow these steps:

1",540,0,0.9438600540161132,0.050000000745058,0.0,0.0029272756073623,0.050000000745058,0.0189327932894229,0.4623657166957855,0.0,0.7781304717063904,0.0,0.0,0.0,0.0,20,0.7028718999936245,993.9541015625
-7729727625131075979,gsm8k,main,42,MCTR-T, To determine the total amount of mixed feed Wendi needs to give her chickens in the final meal of,20,0,0.951431930065155,0.050000000745058,0.0,0.0029839216731488,0.050000000745058,0.0247429870069026,0.4624404907226562,0.0,0.7781283855438232,0.0,0.0,0.0,0.0,20,0.6902064000023529,993.95556640625
1062330403411810260,gsm8k,main,42,MCTR-A," First, we need to determine the total number of eggs that Janet lays per day. Since Janet's",18,0,0.7554152607917786,0.050000000745058,0.0,0.0004539860528893,0.050000000745058,0.0599330887198448,0.4605773091316223,0.0,1.0,0.0,0.0,0.0,0.0,20,0.7142167999991216,993.95556640625
-5432960557829926451,gsm8k,main,42,MCTR-A," To determine the total number of bolts needed, we need to calculate the amount of blue and white fibers",3,0,0.8007291555404663,0.050000000745058,0.0,0.0005365032120607,0.050000000745058,0.0470441095530986,0.4608767926692962,0.0,1.0,0.0,0.0,0.0,0.0,20,0.807210800005123,993.95556640625
2259796429916953731,gsm8k,main,42,MCTR-A," He sold it for 150% of the amount he paid.
His house was worth $",70000,0,0.6304128766059875,0.050000000745058,0.0,0.00080046831863,0.050000000745058,0.107847973704338,0.458538293838501,0.0,1.0,0.0,0.0,0.0,0.0,20,0.841269900003681,993.95556640625
8577048074569350592,gsm8k,main,42,MCTR-A," He runs 60*3 = 180 meters a week
The answer is ",540,0,0.8532211184501648,0.050000000745058,0.0,0.0004223621508572,0.050000000745058,0.035056933760643,0.4614436626434326,0.0,1.0,0.0,0.0,0.0,0.0,20,0.8070261999964714,993.95556640625
-7729727625131075979,gsm8k,main,42,MCTR-A, To determine how many cups of feed Wendi needs to give her chickens in the final meal of the,20,0,0.9209681749343872,0.050000000745058,0.0,0.0001537903153803,0.050000000745058,0.0182710196822881,0.4621977210044861,0.0,1.0,0.0,0.0,0.0,0.0,20,0.802396500002942,993.95556640625
1062330403411810260,gsm8k,main,42,MCTR-TA, Let's think: The daily egg production is 16 x 1 = 16 eggs,18,0,0.7632697820663452,0.050000000745058,0.0,0.0105615183711051,0.050000000745058,0.0958601087331771,0.4599249362945556,0.0,0.7785605192184448,0.0,0.0,0.0,0.0,20,0.8051662000070792,993.95556640625
-5432960557829926451,gsm8k,main,42,MCTR-TA," To determine the total number of bolts of robs it takes, we need to follow these steps:

",3,0,0.8113032579421997,0.050000000745058,0.0,0.0054792528972029,0.050000000745058,0.0593793764710426,0.4606048464775085,0.0,0.7784137725830078,0.0,0.0,0.0,0.0,20,0.8076844000024721,993.95556640625
2259796429916953731,gsm8k,main,42,MCTR-TA," To determine the profit, we first need to calculate the total cost of the house, the total amount",70000,0,0.847161591053009,0.050000000745058,0.0,0.008594830520451,0.050000000745058,0.0651609450578689,0.4612855911254883,0.0,0.7783131003379822,0.0,0.0,0.0,0.0,20,0.8304016999973101,993.95556640625
8577048074569350592,gsm8k,main,42,MCTR-TA," To determine how many total meters James runs in a week, we need to follow these steps:

1",540,0,0.9438599348068236,0.050000000745058,0.0,0.0032894604373723,0.050000000745058,0.0189327932894229,0.4623626172542572,0.0,0.7781309485435486,0.0,0.0,0.0,0.0,20,0.8024217999991379,993.95556640625
-7729727625131075979,gsm8k,main,42,MCTR-TA, To determine the total amount of feed Wendi needs to give her chickens in the final meal of the,20,0,0.957468807697296,0.050000000745058,0.0,0.0024575344286859,0.050000000745058,0.0201143585145473,0.4625008702278137,0.0,0.7781178951263428,0.0,0.0,0.0,0.0,20,0.8034376000068733,993.95556640625
1062330403411810260,gsm8k,main,42,MCTR-A_zero," To determine how much money Janet makes every day at the farmers' market, we need to consider both",18,0,0.8675781488418579,0.050000000745058,0.0,0.0002205460332334,0.050000000745058,0.0323449447751045,0.0,0.0,1.0,0.0,0.0,0.0,0.0,20,0.7687312999987626,993.95556640625
-5432960557829926451,gsm8k,main,42,MCTR-A_zero," Let's write a Python program to solve it.

# Python program to calculate total number of bolts
",3,0,0.768603503704071,0.050000000745058,0.0,0.0009829668560996,0.050000000745058,0.0608841553330421,0.0,0.0,1.0,0.0,0.0,0.0,0.0,20,0.7691795999999158,993.95556640625
2259796429916953731,gsm8k,main,42,MCTR-A_zero," Let's break down the problem step by step:

1. The initial cost of the house is $",70000,0,0.8192383050918579,0.050000000745058,0.0,0.0001784907653927,0.050000000745058,0.0491991639137268,0.0,0.0,1.0,0.0,0.0,0.0,0.0,20,0.7748878999991575,993.95556640625
8577048074569350592,gsm8k,main,42,MCTR-A_zero," There are 3 sprints per day, and she runs 3 times a week, so she",540,0,0.777539074420929,0.050000000745058,0.0,0.0003745695576071,0.050000000745058,0.0600302815437316,0.0,0.0,1.0,0.0,0.0,0.0,0.0,20,0.809443400001328,993.95556640625
-7729727625131075979,gsm8k,main,42,MCTR-A_zero, To determine the total amount of feed Wendi needs to give her chickens in the final meal of the,20,0,0.9306640625,0.050000000745058,0.0,0.0002841072855517,0.050000000745058,0.0201143585145473,0.0,0.0,1.0,0.0,0.0,0.0,0.0,20,0.7815485000028275,993.95556640625
1062330403411810260,gsm8k,main,42,MCTR-A_random," Let's write down the information provided and solve:

1. Janet's ducks lay 16 eggs",18,0,0.7482686042785645,0.050000000745058,0.0,0.0004658846301026,0.050000000745058,0.0800599083304405,0.4598332345485687,0.0,1.0,0.0,0.0,0.0,0.0,20,0.801602700004878,993.95556640625
-5432960557829926451,gsm8k,main,42,MCTR-A_random," To solve the problem step by step:

1. First, we need to understand what 2 bolts",3,0,0.768527626991272,0.050000000745058,0.0,0.0003449306241236,0.050000000745058,0.0592431128025054,0.4603580832481384,0.0,1.0,0.0,0.0,0.0,0.0,20,0.7978978000028292,993.95556640625
2259796429916953731,gsm8k,main,42,MCTR-A_random," To determine the profit that Jack made, we need to follow these steps:

1. Calculate the total",70000,0,0.8120522499084473,0.050000000745058,0.0,0.0003441365552134,0.050000000745058,0.0558015815913677,0.4608480930328369,0.0,1.0,0.0,0.0,0.0,0.0,20,0.7994333000024199,993.95556640625
8577048074569350592,gsm8k,main,42,MCTR-A_random," Let's calculate how many meters James runs per week:

He runs 3 sprints a week and",540,0,0.7460078001022339,0.050000000745058,0.0,0.0004898503539152,0.050000000745058,0.0650486573576927,0.4601827561855316,0.0,1.0,0.0,0.0,0.0,0.0,20,0.8134186000024783,993.95556640625
-7729727625131075979,gsm8k,main,42,MCTR-A_random, To determine how many cups of mixed chicken feed Wendi needs to give her chickens in the final meal,20,0,0.926838219165802,0.050000000745058,0.0,0.0001402373600285,0.050000000745058,0.0196832064539194,0.462280124425888,0.0,1.0,0.0,0.0,0.0,0.0,20,0.9243582999988575,993.95556640625
