example_id,condition,prediction,target,correct,confidence,entropy,temperature,latency,generated_tokens,truncated
-8777199388539762564,Fixed-T-0.1,mock_answer,18,0,0.98894244,0.042084746,0.10000002,13.565730094909668,0,False
-8737333636433340083,Fixed-T-0.1,mock_answer,3,0,0.98095644,0.07889788,0.10000002,26.165548086166382,0,False
4016205386394512339,Fixed-T-0.1,mock_answer,70000,0,0.9848774,0.06554661,0.10000002,39.11538243293762,0,False
-5133722393413629023,Fixed-T-0.1,mock_answer,540,0,0.97125196,0.14825924,0.10000002,51.791502714157104,0,False
-2619618233160735320,Fixed-T-0.1,mock_answer,20,0,0.9586084,0.14761598,0.10000002,65.10869216918945,0,False
-5539640052205281546,Fixed-T-0.1,mock_answer,64,0,0.9679684,0.13086243,0.10000002,79.08511757850647,0,False
-6258124015865264340,Fixed-T-0.1,mock_answer,260,0,0.99994266,0.030364411,0.10000002,93.07864761352539,0,False
-1603588526972412898,Fixed-T-0.1,mock_answer,160,0,0.9882677,0.049776897,0.10000002,107.24009943008423,0,False
-5953900863721540413,Fixed-T-0.1,mock_answer,45,0,0.9981315,0.03140477,0.10000002,121.054128408432,0,False
3466718261018666582,Fixed-T-0.1,mock_answer,460,0,0.9970952,0.037402246,0.10000002,135.20198917388916,0,False
-8827339983828741236,Fixed-T-0.1,mock_answer,366,0,0.98696685,0.0906565,0.10000002,148.91779851913452,0,False
-4384476878067519510,Fixed-T-0.1,mock_answer,694,0,0.97061706,0.090847485,0.10000002,163.66362833976746,0,False
3055618731504557571,Fixed-T-0.1,mock_answer,13,0,0.994957,0.042244993,0.10000002,178.73067212104797,0,False
-5836489031488989123,Fixed-T-0.1,mock_answer,18,0,0.9911363,0.045193423,0.10000002,197.83365440368652,0,False
-3225851702187866757,Fixed-T-0.1,mock_answer,60,0,0.95122993,0.16043347,0.10000002,206.8611319065094,0,False
-981652815651276075,Fixed-T-0.1,mock_answer,125,0,0.98086333,0.0839392,0.10000002,214.98348212242126,0,False
2660106437153526348,Fixed-T-0.1,mock_answer,230,0,0.9722804,0.09550819,0.10000002,222.89638376235962,0,False
-9061300969147224383,Fixed-T-0.1,mock_answer,57500,0,0.97525096,0.115457855,0.10000002,231.18296575546265,0,False
-3432953035168708774,Fixed-T-0.1,mock_answer,7,0,0.98682606,0.053041995,0.10000002,239.99163174629211,0,False
8291415301987739282,Fixed-T-0.1,mock_answer,6,0,0.9626064,0.10652335,0.10000002,248.64299058914185,0,False
7005045843352202899,Fixed-T-0.1,mock_answer,15,0,0.97505844,0.09723907,0.10000002,257.30830550193787,0,False
4617343419241371962,Fixed-T-0.1,mock_answer,14,0,0.99942744,0.024972294,0.10000002,265.90076327323914,0,False
-1640562874173459762,Fixed-T-0.1,mock_answer,7,0,0.9754128,0.09089367,0.10000002,274.536363363266,0,False
-6590517666081516219,Fixed-T-0.1,mock_answer,8,0,0.9822687,0.10420668,0.10000002,283.4781630039215,0,False
-4902535577594096163,Fixed-T-0.1,mock_answer,26,0,0.9642582,0.104251206,0.10000002,292.3880047798157,0,False
-8777199388539762564,Fixed-T-0.3,mock_answer,18,0,0.9610387,0.055853534,0.3,9.312307834625244,0,False
-8737333636433340083,Fixed-T-0.3,mock_answer,3,0,0.9383483,0.091011874,0.3,20.016953229904175,0,False
4016205386394512339,Fixed-T-0.3,mock_answer,70000,0,0.94691205,0.09571904,0.3,31.88040566444397,0,False
-5133722393413629023,Fixed-T-0.3,mock_answer,540,0,0.9945121,0.030138012,0.3,44.73518967628479,0,False
-2619618233160735320,Fixed-T-0.3,mock_answer,20,0,0.99513257,0.028612765,0.3,56.07623910903931,0,False
-5539640052205281546,Fixed-T-0.3,mock_answer,64,0,0.9895506,0.035348885,0.3,67.01413464546204,0,False
-6258124015865264340,Fixed-T-0.3,mock_answer,260,0,0.896158,0.12889875,0.3,78.81089448928833,0,False
-1603588526972412898,Fixed-T-0.3,mock_answer,160,0,0.97118086,0.052193426,0.3,89.7671422958374,0,False
-5953900863721540413,Fixed-T-0.3,mock_answer,45,0,0.97498333,0.052610174,0.3,100.84173679351807,0,False
3466718261018666582,Fixed-T-0.3,mock_answer,460,0,0.9719727,0.034285296,0.3,111.83178091049194,0,False
-8827339983828741236,Fixed-T-0.3,mock_answer,366,0,0.9757506,0.045661256,0.3,123.67052841186523,0,False
-4384476878067519510,Fixed-T-0.3,mock_answer,694,0,0.9574572,0.078991085,0.3,135.18425941467285,0,False
3055618731504557571,Fixed-T-0.3,mock_answer,13,0,0.99437976,0.03829574,0.3,147.2380611896515,0,False
-5836489031488989123,Fixed-T-0.3,mock_answer,18,0,0.96875966,0.076985545,0.3,160.55679202079773,0,False
-3225851702187866757,Fixed-T-0.3,mock_answer,60,0,0.9259388,0.09736998,0.3,172.94484448432922,0,False
-981652815651276075,Fixed-T-0.3,mock_answer,125,0,0.98287594,0.034869514,0.3,185.74736404418945,0,False
2660106437153526348,Fixed-T-0.3,mock_answer,230,0,0.9471364,0.07462881,0.3,200.47774243354797,0,False
-9061300969147224383,Fixed-T-0.3,mock_answer,57500,0,0.8797171,0.1515879,0.3,213.4225652217865,0,False
-3432953035168708774,Fixed-T-0.3,mock_answer,7,0,0.9588098,0.06945408,0.3,227.67192888259888,0,False
8291415301987739282,Fixed-T-0.3,mock_answer,6,0,0.92170334,0.11564766,0.3,244.3179702758789,0,False
7005045843352202899,Fixed-T-0.3,mock_answer,15,0,0.90191203,0.11536965,0.3,258.3700942993164,0,False
4617343419241371962,Fixed-T-0.3,mock_answer,14,0,0.94777477,0.10941258,0.3,272.009996175766,0,False
-1640562874173459762,Fixed-T-0.3,mock_answer,7,0,0.8956268,0.12678847,0.3,289.0172793865204,0,False
-6590517666081516219,Fixed-T-0.3,mock_answer,8,0,0.846537,0.17750016,0.3,301.43836975097656,0,False
-4902535577594096163,Fixed-T-0.3,mock_answer,26,0,0.9826238,0.039589215,0.3,315.1714868545532,0,False
-8777199388539762564,Fixed-T-0.5,mock_answer,18,0,0.9795248,0.039624043,0.5,14.12710690498352,0,False
-8737333636433340083,Fixed-T-0.5,mock_answer,3,0,0.90572333,0.064482525,0.5,30.781081199645996,0,False
4016205386394512339,Fixed-T-0.5,mock_answer,70000,0,0.97411966,0.037516918,0.5,42.88183116912842,0,False
-5133722393413629023,Fixed-T-0.5,mock_answer,540,0,0.96758556,0.035567764,0.5,56.06181573867798,0,False
-2619618233160735320,Fixed-T-0.5,mock_answer,20,0,0.9903212,0.030795438,0.5,68.65567016601562,0,False
-5539640052205281546,Fixed-T-0.5,mock_answer,64,0,0.8907193,0.079641685,0.5,79.40260362625122,0,False
-6258124015865264340,Fixed-T-0.5,mock_answer,260,0,0.96784645,0.048289422,0.5,90.44907546043396,0,False
-1603588526972412898,Fixed-T-0.5,mock_answer,160,0,0.9180468,0.08290449,0.5,101.54961609840393,0,False
-5953900863721540413,Fixed-T-0.5,mock_answer,45,0,0.91087073,0.0896706,0.5,112.66029953956604,0,False
3466718261018666582,Fixed-T-0.5,mock_answer,460,0,0.9479789,0.061146922,0.5,123.79062294960022,0,False
-8827339983828741236,Fixed-T-0.5,mock_answer,366,0,0.95964324,0.052697737,0.5,134.72995710372925,0,False
-4384476878067519510,Fixed-T-0.5,mock_answer,694,0,0.9758542,0.04703804,0.5,145.95168137550354,0,False
3055618731504557571,Fixed-T-0.5,mock_answer,13,0,0.93518925,0.06554292,0.5,157.31415009498596,0,False
-5836489031488989123,Fixed-T-0.5,mock_answer,18,0,0.8781099,0.08039455,0.5,168.08556938171387,0,False
-3225851702187866757,Fixed-T-0.5,mock_answer,60,0,0.9752718,0.0354167,0.5,179.21637678146362,0,False
-981652815651276075,Fixed-T-0.5,mock_answer,125,0,0.8263303,0.13677499,0.5,190.4251992702484,0,False
2660106437153526348,Fixed-T-0.5,mock_answer,230,0,0.98117995,0.031527467,0.5,201.15832591056824,0,False
-9061300969147224383,Fixed-T-0.5,mock_answer,57500,0,0.7284527,0.18611413,0.5,212.24154233932495,0,False
-3432953035168708774,Fixed-T-0.5,mock_answer,7,0,0.83688486,0.1149471,0.5,223.33670473098755,0,False
8291415301987739282,Fixed-T-0.5,mock_answer,6,0,0.95642966,0.038737427,0.5,234.5676670074463,0,False
7005045843352202899,Fixed-T-0.5,mock_answer,15,0,0.9846027,0.045268007,0.5,245.5819592475891,0,False
4617343419241371962,Fixed-T-0.5,mock_answer,14,0,0.91770136,0.068691365,0.5,256.35905146598816,0,False
-1640562874173459762,Fixed-T-0.5,mock_answer,7,0,0.9920337,0.022689633,0.5,267.09784626960754,0,False
-6590517666081516219,Fixed-T-0.5,mock_answer,8,0,0.7927581,0.14564705,0.5,277.8420400619507,0,False
-4902535577594096163,Fixed-T-0.5,mock_answer,26,0,0.9807159,0.04192789,0.5,288.72924280166626,0,False
-8777199388539762564,Fixed-T-0.7,mock_answer,18,0,0.9075774,0.056071334,0.69999987,11.428195476531982,0,False
-8737333636433340083,Fixed-T-0.7,mock_answer,3,0,0.9217334,0.057135515,0.69999987,23.21921992301941,0,False
4016205386394512339,Fixed-T-0.7,mock_answer,70000,0,0.7738862,0.12631139,0.69999987,35.991859912872314,0,False
-5133722393413629023,Fixed-T-0.7,mock_answer,540,0,0.77310264,0.1287609,0.69999987,50.969425201416016,0,False
-2619618233160735320,Fixed-T-0.7,mock_answer,20,0,0.9079263,0.06258812,0.69999987,63.108420610427856,0,False
-5539640052205281546,Fixed-T-0.7,mock_answer,64,0,0.80902994,0.100550696,0.69999987,80.7497878074646,0,False
-6258124015865264340,Fixed-T-0.7,mock_answer,260,0,0.8302314,0.11470152,0.69999987,95.40084171295166,0,False
-1603588526972412898,Fixed-T-0.7,mock_answer,160,0,0.9603881,0.04765102,0.69999987,110.65999150276184,0,False
-5953900863721540413,Fixed-T-0.7,mock_answer,45,0,0.9551326,0.04911822,0.69999987,122.53541564941406,0,False
3466718261018666582,Fixed-T-0.7,mock_answer,460,0,0.8438101,0.10042575,0.69999987,133.72181129455566,0,False
-8827339983828741236,Fixed-T-0.7,mock_answer,366,0,0.92445344,0.04889523,0.69999987,146.37253546714783,0,False
-4384476878067519510,Fixed-T-0.7,mock_answer,694,0,0.89272934,0.073153205,0.69999987,159.09221863746643,0,False
3055618731504557571,Fixed-T-0.7,mock_answer,13,0,0.90800214,0.057521887,0.69999987,170.28988003730774,0,False
-5836489031488989123,Fixed-T-0.7,mock_answer,18,0,0.97247094,0.030855844,0.69999987,181.0258026123047,0,False
-3225851702187866757,Fixed-T-0.7,mock_answer,60,0,0.79737395,0.115514606,0.69999987,191.93137049674988,0,False
-981652815651276075,Fixed-T-0.7,mock_answer,125,0,0.9834966,0.024163976,0.69999987,202.85581851005554,0,False
2660106437153526348,Fixed-T-0.7,mock_answer,230,0,0.8453263,0.10417256,0.69999987,213.5945279598236,0,False
-9061300969147224383,Fixed-T-0.7,mock_answer,57500,0,0.97500265,0.035663933,0.69999987,224.29779863357544,0,False
-3432953035168708774,Fixed-T-0.7,mock_answer,7,0,0.9785037,0.029169362,0.69999987,235.54570126533508,0,False
8291415301987739282,Fixed-T-0.7,mock_answer,6,0,0.9813142,0.028319038,0.69999987,246.6363070011139,0,False
7005045843352202899,Fixed-T-0.7,mock_answer,15,0,0.74335074,0.1340768,0.69999987,257.54056692123413,0,False
4617343419241371962,Fixed-T-0.7,mock_answer,14,0,0.9374753,0.05388779,0.69999987,270.575963973999,0,False
-1640562874173459762,Fixed-T-0.7,mock_answer,7,0,0.96647596,0.044844802,0.69999987,281.2164330482483,0,False
-6590517666081516219,Fixed-T-0.7,mock_answer,8,0,0.81413764,0.09519414,0.69999987,291.8823664188385,0,False
-4902535577594096163,Fixed-T-0.7,mock_answer,26,0,0.87241197,0.06832674,0.69999987,302.47182989120483,0,False
-8777199388539762564,Fixed-T-0.9,mock_answer,18,0,0.96179163,0.03146162,0.89999986,10.87861680984497,0,False
-8737333636433340083,Fixed-T-0.9,mock_answer,3,0,0.598873,0.16551858,0.89999986,21.501744270324707,0,False
4016205386394512339,Fixed-T-0.9,mock_answer,70000,0,0.9342952,0.032517303,0.89999986,33.03433632850647,0,False
-5133722393413629023,Fixed-T-0.9,mock_answer,540,0,0.7026164,0.14048487,0.89999986,44.18206191062927,0,False
-2619618233160735320,Fixed-T-0.9,mock_answer,20,0,0.86314017,0.048820212,0.89999986,54.79643893241882,0,False
-5539640052205281546,Fixed-T-0.9,mock_answer,64,0,0.910558,0.04767193,0.89999986,65.78781461715698,0,False
-6258124015865264340,Fixed-T-0.9,mock_answer,260,0,0.76419324,0.10632623,0.89999986,76.85294723510742,0,False
-1603588526972412898,Fixed-T-0.9,mock_answer,160,0,0.8925805,0.05404202,0.89999986,87.34168028831482,0,False
-5953900863721540413,Fixed-T-0.9,mock_answer,45,0,0.96708727,0.02978944,0.89999986,99.09718060493469,0,False
3466718261018666582,Fixed-T-0.9,mock_answer,460,0,0.9652728,0.029034453,0.89999986,110.83769392967224,0,False
-8827339983828741236,Fixed-T-0.9,mock_answer,366,0,0.8021231,0.08187539,0.89999986,122.29311156272888,0,False
-4384476878067519510,Fixed-T-0.9,mock_answer,694,0,0.7767241,0.09820994,0.89999986,133.33511590957642,0,False
3055618731504557571,Fixed-T-0.9,mock_answer,13,0,0.9621957,0.024632318,0.89999986,144.11485314369202,0,False
-5836489031488989123,Fixed-T-0.9,mock_answer,18,0,0.62259996,0.15018034,0.89999986,154.76071429252625,0,False
-3225851702187866757,Fixed-T-0.9,mock_answer,60,0,0.95025074,0.03200331,0.89999986,165.87764596939087,0,False
-981652815651276075,Fixed-T-0.9,mock_answer,125,0,0.7188279,0.10263801,0.89999986,177.53253865242004,0,False
2660106437153526348,Fixed-T-0.9,mock_answer,230,0,0.95654374,0.039540995,0.89999986,188.8078920841217,0,False
-9061300969147224383,Fixed-T-0.9,mock_answer,57500,0,0.72044075,0.117936745,0.89999986,200.063485622406,0,False
-3432953035168708774,Fixed-T-0.9,mock_answer,7,0,0.97557515,0.03170486,0.89999986,210.8501603603363,0,False
8291415301987739282,Fixed-T-0.9,mock_answer,6,0,0.89462185,0.05710847,0.89999986,221.48097324371338,0,False
7005045843352202899,Fixed-T-0.9,mock_answer,15,0,0.84783506,0.0787747,0.89999986,232.49879837036133,0,False
4617343419241371962,Fixed-T-0.9,mock_answer,14,0,0.93018156,0.040334955,0.89999986,244.04625988006592,0,False
-1640562874173459762,Fixed-T-0.9,mock_answer,7,0,0.7987991,0.07732932,0.89999986,255.04966115951538,0,False
-6590517666081516219,Fixed-T-0.9,mock_answer,8,0,0.95125467,0.03967732,0.89999986,265.863219499588,0,False
-4902535577594096163,Fixed-T-0.9,mock_answer,26,0,0.9183025,0.028475313,0.89999986,277.21988248825073,0,False
-8777199388539762564,Fixed-T-1.0,mock_answer,18,0,0.97720647,0.016753448,1.0,11.545860767364502,0,False
-8737333636433340083,Fixed-T-1.0,mock_answer,3,0,0.6342535,0.13668914,1.0,23.212039470672607,0,False
4016205386394512339,Fixed-T-1.0,mock_answer,70000,0,0.6712038,0.14025463,1.0,35.468599796295166,0,False
-5133722393413629023,Fixed-T-1.0,mock_answer,540,0,0.8319643,0.07397614,1.0,46.82768154144287,0,False
-2619618233160735320,Fixed-T-1.0,mock_answer,20,0,0.83516747,0.06502138,1.0,58.13760232925415,0,False
-5539640052205281546,Fixed-T-1.0,mock_answer,64,0,0.7884313,0.09931002,1.0,70.13082194328308,0,False
-6258124015865264340,Fixed-T-1.0,mock_answer,260,0,0.77926147,0.06987998,1.0,81.93157291412354,0,False
-1603588526972412898,Fixed-T-1.0,mock_answer,160,0,0.9459406,0.02788717,1.0,94.24544858932495,0,False
-5953900863721540413,Fixed-T-1.0,mock_answer,45,0,0.9220909,0.039591447,1.0,105.93763589859009,0,False
3466718261018666582,Fixed-T-1.0,mock_answer,460,0,0.7590361,0.083707966,1.0,117.41410994529724,0,False
-8827339983828741236,Fixed-T-1.0,mock_answer,366,0,0.7934396,0.089287534,1.0,129.51761150360107,0,False
-4384476878067519510,Fixed-T-1.0,mock_answer,694,0,0.8167985,0.07126658,1.0,141.26270604133606,0,False
3055618731504557571,Fixed-T-1.0,mock_answer,13,0,0.93652296,0.034939032,1.0,153.74241614341736,0,False
-5836489031488989123,Fixed-T-1.0,mock_answer,18,0,0.6629939,0.11269468,1.0,164.60618996620178,0,False
-3225851702187866757,Fixed-T-1.0,mock_answer,60,0,0.66172487,0.11935887,1.0,175.02911639213562,0,False
-981652815651276075,Fixed-T-1.0,mock_answer,125,0,0.8342055,0.059743784,1.0,185.66796350479126,0,False
2660106437153526348,Fixed-T-1.0,mock_answer,230,0,0.93427014,0.033978846,1.0,196.37746500968933,0,False
-9061300969147224383,Fixed-T-1.0,mock_answer,57500,0,0.684706,0.13635765,1.0,207.1553885936737,0,False
-3432953035168708774,Fixed-T-1.0,mock_answer,7,0,0.6456127,0.12506643,1.0,218.25750851631165,0,False
8291415301987739282,Fixed-T-1.0,mock_answer,6,0,0.69654673,0.117346406,1.0,229.07016324996948,0,False
7005045843352202899,Fixed-T-1.0,mock_answer,15,0,0.88333964,0.054927174,1.0,239.62488079071045,0,False
4617343419241371962,Fixed-T-1.0,mock_answer,14,0,0.60629314,0.15742917,1.0,250.4931709766388,0,False
-1640562874173459762,Fixed-T-1.0,mock_answer,7,0,0.6092199,0.1335457,1.0,261.4995448589325,0,False
-6590517666081516219,Fixed-T-1.0,mock_answer,8,0,0.88247705,0.05317492,1.0,280.99575114250183,0,False
-4902535577594096163,Fixed-T-1.0,mock_answer,26,0,0.75197196,0.12200283,1.0,303.0369784832001,0,False
-8777199388539762564,MCTR-T,mock_answer,18,0,0.8154899,0.10011096,0.8707025,17.30137014389038,0,False
-8737333636433340083,MCTR-T,mock_answer,3,0,0.92686665,0.052809574,0.85954064,31.73650884628296,0,False
4016205386394512339,MCTR-T,mock_answer,70000,0,0.8075827,0.104261085,0.8715385,43.14488124847412,0,False
-5133722393413629023,MCTR-T,mock_answer,540,0,0.71984315,0.116447285,0.87915635,53.77001667022705,0,False
-2619618233160735320,MCTR-T,mock_answer,20,0,0.96740186,0.030646112,0.8548066,64.89931344985962,0,False
-5539640052205281546,MCTR-T,mock_answer,64,0,0.938008,0.040753387,0.85778713,75.93109607696533,0,False
-6258124015865264340,MCTR-T,mock_answer,260,0,0.96155214,0.036662042,0.85571164,86.98849296569824,0,False
-1603588526972412898,MCTR-T,mock_answer,160,0,0.77562207,0.08801449,0.8727798,98.55044627189636,0,False
-5953900863721540413,MCTR-T,mock_answer,45,0,0.73686457,0.12133307,0.8782444,109.76248669624329,0,False
3466718261018666582,MCTR-T,mock_answer,460,0,0.9481479,0.03476824,0.8564383,120.66986894607544,0,False
-8827339983828741236,MCTR-T,mock_answer,366,0,0.7046313,0.12526453,0.8805001,131.58650875091553,0,False
-4384476878067519510,MCTR-T,mock_answer,694,0,0.8828975,0.06941665,0.8637134,142.5734565258026,0,False
3055618731504557571,MCTR-T,mock_answer,13,0,0.75362766,0.09101935,0.8748122,153.78191566467285,0,False
-5836489031488989123,MCTR-T,mock_answer,18,0,0.94932216,0.03696435,0.8565763,165.2606189250946,0,False
-3225851702187866757,MCTR-T,mock_answer,60,0,0.6602624,0.14390709,0.8854363,176.5346508026123,0,False
-981652815651276075,MCTR-T,mock_answer,125,0,0.8384417,0.07792548,0.867687,187.65718245506287,0,False
2660106437153526348,MCTR-T,mock_answer,230,0,0.7036972,0.1437732,0.8818021,199.10446977615356,0,False
-9061300969147224383,MCTR-T,mock_answer,57500,0,0.74609,0.12755358,0.8781033,211.06927824020386,0,False
-3432953035168708774,MCTR-T,mock_answer,7,0,0.8904525,0.056515954,0.86236364,222.248375415802,0,False
8291415301987739282,MCTR-T,mock_answer,6,0,0.65566134,0.13361683,0.8848395,233.03819942474365,0,False
7005045843352202899,MCTR-T,mock_answer,15,0,0.8996824,0.056992352,0.8617745,244.17988109588623,0,False
4617343419241371962,MCTR-T,mock_answer,14,0,0.75967985,0.11880933,0.8761263,255.39514994621277,0,False
-1640562874173459762,MCTR-T,mock_answer,7,0,0.9273978,0.04352233,0.8586212,266.80197858810425,0,False
-6590517666081516219,MCTR-T,mock_answer,8,0,0.97733235,0.023598952,0.85379875,277.87562251091003,0,False
-4902535577594096163,MCTR-T,mock_answer,26,0,0.79508317,0.08825339,0.87152743,288.670946598053,0,False
