Dataset,Temperature,Accuracy,NLL,ECE,Brier,Mean Entropy,Mean Confidence,Mean Tokens,Latency
gsm8k-main_train,0.1,0.0,0.0,0.9775745272636414,0.9556520526789214,0.08042273,0.9775745,0.0,27.375476598739624
gsm8k-main_train,0.3,0.0,0.0,0.9037494659423828,0.8171230942685384,0.1411889,0.90374947,0.0,19.87687611579895
gsm8k-main_train,0.5,0.0,0.0,0.7482119798660278,0.5601185422650161,0.18781468,0.748212,0.0,19.13126564025879
gsm8k-main_train,0.7,0.0,0.0,0.9231321215629578,0.854051132336668,0.0763149,0.9231321,0.0,17.343936920166016
gsm8k-main_train,0.9,0.0,0.0,0.9082354307174683,0.8248922239960113,0.064725496,0.90823543,0.0,14.869334936141968
gsm8k-main_train,1.0,0.0,0.0,0.683741569519043,0.4680542667829375,0.1367948,0.68374157,0.0,16.910220861434937
gsm8k-main_train,MCTR,0.0,0.0,0.9192087650299072,0.8450122234526702,0.08351272,0.91920877,0.0,16.660987377166748
gsm8k-main_test,0.1,0.0,0.0,0.9744867086410522,0.9502180933408955,0.11244476,0.9744867,0.0,16.787187099456787
gsm8k-main_test,0.3,0.0,0.0,0.8873226642608643,0.7875923753471259,0.17460062,0.88732266,0.0,14.615343809127808
gsm8k-main_test,0.5,0.0,0.0,0.8530811667442322,0.728199985336353,0.11401283,0.85308117,0.0,19.266707181930542
gsm8k-main_test,0.7,0.0,0.0,0.7767582535743713,0.6034951081898114,0.1402016,0.77675825,0.0,15.156368494033813
gsm8k-main_test,0.9,0.0,0.0,0.9333708882331848,0.8714573515791599,0.05185958,0.9333709,0.0,13.986342430114746
gsm8k-main_test,1.0,0.0,0.0,0.7212392091751099,0.5443785149351559,0.11707233,0.7212392,0.0,14.172856330871582
gsm8k-main_test,MCTR,0.0,0.0,0.8940384387969971,0.7993053233288467,0.08921037,0.89403844,0.0,13.480547666549683
gsm8k-socratic_train,0.1,0.0,0.0,0.9748232364654541,0.9505746994901756,0.10203283,0.97482324,0.0,15.591322422027588
gsm8k-socratic_train,0.3,0.0,0.0,0.8979005813598633,0.8067557600024884,0.13174751,0.8979006,0.0,15.937084436416626
gsm8k-socratic_train,0.5,0.0,0.0,0.8032821416854858,0.6454413166517217,0.16215399,0.80328214,0.0,16.298935174942017
gsm8k-socratic_train,0.7,0.0,0.0,0.7286452054977417,0.5319314641764539,0.15943561,0.7286452,0.0,15.616971731185913
gsm8k-socratic_train,0.9,0.0,0.0,0.6893182396888733,0.5135444884604183,0.14359114,0.68931824,0.0,17.026756048202515
gsm8k-socratic_train,1.0,0.0,0.0,0.799004316329956,0.6433356331389977,0.08471082,0.7990043,0.0,14.703985452651978
gsm8k-socratic_train,MCTR,0.0,0.0,0.927223801612854,0.8597900853750566,0.06537767,0.9272238,0.0,15.419692993164062
gsm8k-socratic_test,0.1,0.0,0.0,0.9929711818695068,0.9859923451990227,0.09750186,0.9929712,0.0,15.139424562454224
gsm8k-socratic_test,0.3,0.0,0.0,0.8980520367622375,0.8071773075882689,0.12938541,0.89805204,0.0,15.283162355422974
gsm8k-socratic_test,0.5,0.0,0.0,0.8835831880569458,0.7852037676235302,0.10709816,0.8835832,0.0,17.99440288543701
gsm8k-socratic_test,0.7,0.0,0.0,0.7790258526802063,0.6389993858367191,0.12740535,0.77902585,0.0,15.697353839874268
gsm8k-socratic_test,0.9,0.0,0.0,0.742938220500946,0.5629609724065645,0.11401273,0.7429382,0.0,17.221611738204956
gsm8k-socratic_test,1.0,0.0,0.0,0.7756152153015137,0.6116519528185567,0.10231957,0.7756152,0.0,14.93055772781372
gsm8k-socratic_test,MCTR,0.0,0.0,0.8424519300460815,0.7279424091916713,0.09920648,0.84245193,0.0,15.723562717437744
