Condition,Accuracy_mean,Accuracy_std,ECE_mean,ECE_std,Brier_mean,Brier_std,Entropy_mean,Temperature_mean,AttnJS_mean,AttnJS_std
Fixed-T-0.1,0.0,0.0,0.986773145198822,0.0,0.9738176598519452,0.0,0.03268684037029743,0.10000000149011612,0.0,0.0
Fixed-T-0.3,0.0,0.0,0.9490273714065551,0.0,0.9013140039160348,0.0,0.04178141877055168,0.30000004172325134,0.0,0.0
Fixed-T-0.5,0.0,0.0,0.9292731285095215,0.0,0.8644796647165378,0.0,0.03552000783383846,0.5,0.0,0.0
Fixed-T-0.7,0.0,0.0,0.9138824105262756,0.0,0.8362309454485051,0.0,0.033042388036847115,0.6999999284744263,0.0,0.0
Fixed-T-0.9,0.0,0.0,0.8600436806678772,0.0,0.7453177949428842,0.0,0.04464198537170887,0.8999999165534973,0.0,0.0
Fixed-T-1.0,0.0,0.0,0.8620920062065125,0.0,0.7446528178434498,0.0,0.035395897552371026,1.0,0.0,0.0
Native,0.0,0.0,0.8086523294448853,0.0,0.6587822918463502,0.0,0.04956601969897747,1.0,0.0,0.0
MCTR-T,0.0,0.0,0.8542520642280579,0.0,0.7390609458498965,0.0,0.05074794441461563,0.7967694401741028,0.0,0.0
MCTR-A,0.0,0.0,0.7921493172645568,0.0,0.6370816895943243,0.0,0.05363062508404255,1.0,0.0,0.0
MCTR-TA,0.0,0.0,0.8739705562591553,0.0,0.7698390441308888,0.0,0.04821011647582054,0.7967905759811401,0.0,0.0
MCTR-A_zero,0.0,0.0,0.8327246189117432,0.0,0.6970594400528356,0.0,0.044514580816030505,1.0,0.0,0.0
MCTR-A_random,0.0,0.0,0.8003389000892639,0.0,0.6451052392998016,0.0,0.055967293307185174,1.0,0.0,0.0
